proposed_series_id|model|index_block|country_or_scope|description|native_frequency|required_history_years|leading_concurrent_lagging|scale_critical|candidate_source|already_in_catalogue|status
wb.NY.GDP.MKTP.CD|macrofield|Y: output level every other quantity is expressed against|BR|Gross domestic product, current prices (current US dollars)|A|30|concurrent|True|World Bank WDI (keyless API)|False|in_snapshot
wb.NE.GDI.FTOT.ZS|macrofield|K_R: perpetual-inventory extension of the capital ratio past PWT|BR|Gross fixed capital formation (percent of GDP)|A|30|concurrent|False|World Bank WDI (keyless API)|False|in_snapshot
wb.NY.GDP.MKTP.KD.ZG|macrofield|K_R: perpetual-inventory extension of the capital ratio past PWT|BR|Real GDP growth (percent)|A|30|concurrent|False|World Bank WDI (keyless API)|False|in_snapshot
wb.NY.GNS.ICTR.ZS|macrofield|p_s: savings rate of the equations of motion|BR|Gross national savings (percent of GDP)|A|30|concurrent|False|World Bank WDI (keyless API)|False|in_snapshot
wb.GC.NLD.TOTL.GD.ZS|macrofield|S: stimulus proxy, sign reversed so a deficit is an injection|BR|General government net lending (+) / borrowing (-) (percent of GDP)|A|30|leading|False|World Bank WDI (keyless API)|False|in_snapshot
wb.SP.POP.TOTL|macrofield|p_b: population growth, which section 0.2 says p_b tracks|BR|Population, total (persons)|A|30|lagging|False|World Bank WDI (keyless API)|False|in_snapshot
bis.total_credit|macrofield|Saturation axis and K_I (ratio times Y); also net new credit for S|BR|Total credit to the non-financial sector, all lenders, market value, adjusted for breaks (percent of GDP)|Q|30|leading|True|BIS total credit statistics, WS_TC bulk file (keyless)|False|in_snapshot
pwt.cn|macrofield|K_R: numerator of the capital-output ratio|BR|Capital stock at current PPPs (millions of 2017 US dollars)|A|30|lagging|True|Penn World Table 10.01 (Groningen, DOI 10.34894/QT5BCC)|False|in_snapshot
pwt.cgdpo|macrofield|K_R: denominator of the capital-output ratio|BR|Output-side real GDP at current PPPs (millions of 2017 US dollars)|A|30|concurrent|True|Penn World Table 10.01 (Groningen, DOI 10.34894/QT5BCC)|False|in_snapshot
pwt.delta|macrofield|K_R: depreciation in the perpetual-inventory extension|BR|Average depreciation rate of the capital stock (rate)|A|30|lagging|False|Penn World Table 10.01 (Groningen, DOI 10.34894/QT5BCC)|False|in_snapshot
wb.NY.GDP.MKTP.CD|macrofield|Y: output level every other quantity is expressed against|CH|Gross domestic product, current prices (current US dollars)|A|30|concurrent|True|World Bank WDI (keyless API)|False|in_snapshot
wb.NE.GDI.FTOT.ZS|macrofield|K_R: perpetual-inventory extension of the capital ratio past PWT|CH|Gross fixed capital formation (percent of GDP)|A|30|concurrent|False|World Bank WDI (keyless API)|False|in_snapshot
wb.NY.GDP.MKTP.KD.ZG|macrofield|K_R: perpetual-inventory extension of the capital ratio past PWT|CH|Real GDP growth (percent)|A|30|concurrent|False|World Bank WDI (keyless API)|False|in_snapshot
wb.NY.GNS.ICTR.ZS|macrofield|p_s: savings rate of the equations of motion|CH|Gross national savings (percent of GDP)|A|30|concurrent|False|World Bank WDI (keyless API)|False|in_snapshot
wb.GC.NLD.TOTL.GD.ZS|macrofield|S: stimulus proxy, sign reversed so a deficit is an injection|CH|General government net lending (+) / borrowing (-) (percent of GDP)|A|30|leading|False|World Bank WDI (keyless API)|False|in_snapshot
wb.SP.POP.TOTL|macrofield|p_b: population growth, which section 0.2 says p_b tracks|CH|Population, total (persons)|A|30|lagging|False|World Bank WDI (keyless API)|False|in_snapshot
bis.total_credit|macrofield|Saturation axis and K_I (ratio times Y); also net new credit for S|CH|Total credit to the non-financial sector, all lenders, market value, adjusted for breaks (percent of GDP)|Q|30|leading|True|BIS total credit statistics, WS_TC bulk file (keyless)|False|in_snapshot
pwt.cn|macrofield|K_R: numerator of the capital-output ratio|CH|Capital stock at current PPPs (millions of 2017 US dollars)|A|30|lagging|True|Penn World Table 10.01 (Groningen, DOI 10.34894/QT5BCC)|False|in_snapshot
pwt.cgdpo|macrofield|K_R: denominator of the capital-output ratio|CH|Output-side real GDP at current PPPs (millions of 2017 US dollars)|A|30|concurrent|True|Penn World Table 10.01 (Groningen, DOI 10.34894/QT5BCC)|False|in_snapshot
pwt.delta|macrofield|K_R: depreciation in the perpetual-inventory extension|CH|Average depreciation rate of the capital stock (rate)|A|30|lagging|False|Penn World Table 10.01 (Groningen, DOI 10.34894/QT5BCC)|False|in_snapshot
wb.NY.GDP.MKTP.CD|macrofield|Y: output level every other quantity is expressed against|CN|Gross domestic product, current prices (current US dollars)|A|30|concurrent|True|World Bank WDI (keyless API)|False|in_snapshot
wb.NE.GDI.FTOT.ZS|macrofield|K_R: perpetual-inventory extension of the capital ratio past PWT|CN|Gross fixed capital formation (percent of GDP)|A|30|concurrent|False|World Bank WDI (keyless API)|False|in_snapshot
wb.NY.GDP.MKTP.KD.ZG|macrofield|K_R: perpetual-inventory extension of the capital ratio past PWT|CN|Real GDP growth (percent)|A|30|concurrent|False|World Bank WDI (keyless API)|False|in_snapshot
wb.NY.GNS.ICTR.ZS|macrofield|p_s: savings rate of the equations of motion|CN|Gross national savings (percent of GDP)|A|30|concurrent|False|World Bank WDI (keyless API)|False|in_snapshot
wb.SP.POP.TOTL|macrofield|p_b: population growth, which section 0.2 says p_b tracks|CN|Population, total (persons)|A|30|lagging|False|World Bank WDI (keyless API)|False|in_snapshot
bis.total_credit|macrofield|Saturation axis and K_I (ratio times Y); also net new credit for S|CN|Total credit to the non-financial sector, all lenders, market value, adjusted for breaks (percent of GDP)|Q|30|leading|True|BIS total credit statistics, WS_TC bulk file (keyless)|False|in_snapshot
pwt.cn|macrofield|K_R: numerator of the capital-output ratio|CN|Capital stock at current PPPs (millions of 2017 US dollars)|A|30|lagging|True|Penn World Table 10.01 (Groningen, DOI 10.34894/QT5BCC)|False|in_snapshot
pwt.cgdpo|macrofield|K_R: denominator of the capital-output ratio|CN|Output-side real GDP at current PPPs (millions of 2017 US dollars)|A|30|concurrent|True|Penn World Table 10.01 (Groningen, DOI 10.34894/QT5BCC)|False|in_snapshot
pwt.delta|macrofield|K_R: depreciation in the perpetual-inventory extension|CN|Average depreciation rate of the capital stock (rate)|A|30|lagging|False|Penn World Table 10.01 (Groningen, DOI 10.34894/QT5BCC)|False|in_snapshot
wb.NY.GDP.MKTP.CD|macrofield|Y: output level every other quantity is expressed against|EU|Gross domestic product, current prices (current US dollars)|A|30|concurrent|True|World Bank WDI (keyless API)|False|in_snapshot
wb.NE.GDI.FTOT.ZS|macrofield|K_R: perpetual-inventory extension of the capital ratio past PWT|EU|Gross fixed capital formation (percent of GDP)|A|30|concurrent|False|World Bank WDI (keyless API)|False|in_snapshot
wb.NY.GDP.MKTP.KD.ZG|macrofield|K_R: perpetual-inventory extension of the capital ratio past PWT|EU|Real GDP growth (percent)|A|30|concurrent|False|World Bank WDI (keyless API)|False|in_snapshot
wb.NY.GNS.ICTR.ZS|macrofield|p_s: savings rate of the equations of motion|EU|Gross national savings (percent of GDP)|A|30|concurrent|False|World Bank WDI (keyless API)|False|in_snapshot
wb.GC.NLD.TOTL.GD.ZS|macrofield|S: stimulus proxy, sign reversed so a deficit is an injection|EU|General government net lending (+) / borrowing (-) (percent of GDP)|A|30|leading|False|World Bank WDI (keyless API)|False|in_snapshot
wb.SP.POP.TOTL|macrofield|p_b: population growth, which section 0.2 says p_b tracks|EU|Population, total (persons)|A|30|lagging|False|World Bank WDI (keyless API)|False|in_snapshot
bis.total_credit|macrofield|Saturation axis and K_I (ratio times Y); also net new credit for S|EU|Total credit to the non-financial sector, all lenders, market value, adjusted for breaks (percent of GDP)|Q|30|leading|True|BIS total credit statistics, WS_TC bulk file (keyless)|False|in_snapshot
pwt.cn|macrofield|K_R: numerator of the capital-output ratio|EU:AUT|Capital stock at current PPPs (millions of 2017 US dollars), aggregate member|A|30|lagging|True|Penn World Table 10.01 (Groningen, DOI 10.34894/QT5BCC)|False|in_snapshot
pwt.cgdpo|macrofield|K_R: denominator of the capital-output ratio|EU:AUT|Output-side real GDP at current PPPs (millions of 2017 US dollars), aggregate member|A|30|concurrent|True|Penn World Table 10.01 (Groningen, DOI 10.34894/QT5BCC)|False|in_snapshot
pwt.delta|macrofield|K_R: depreciation in the perpetual-inventory extension|EU:AUT|Average depreciation rate of the capital stock (rate), aggregate member|A|30|lagging|False|Penn World Table 10.01 (Groningen, DOI 10.34894/QT5BCC)|False|in_snapshot
pwt.cn|macrofield|K_R: numerator of the capital-output ratio|EU:BEL|Capital stock at current PPPs (millions of 2017 US dollars), aggregate member|A|30|lagging|True|Penn World Table 10.01 (Groningen, DOI 10.34894/QT5BCC)|False|in_snapshot
pwt.cgdpo|macrofield|K_R: denominator of the capital-output ratio|EU:BEL|Output-side real GDP at current PPPs (millions of 2017 US dollars), aggregate member|A|30|concurrent|True|Penn World Table 10.01 (Groningen, DOI 10.34894/QT5BCC)|False|in_snapshot
pwt.delta|macrofield|K_R: depreciation in the perpetual-inventory extension|EU:BEL|Average depreciation rate of the capital stock (rate), aggregate member|A|30|lagging|False|Penn World Table 10.01 (Groningen, DOI 10.34894/QT5BCC)|False|in_snapshot
pwt.cn|macrofield|K_R: numerator of the capital-output ratio|EU:HRV|Capital stock at current PPPs (millions of 2017 US dollars), aggregate member|A|30|lagging|True|Penn World Table 10.01 (Groningen, DOI 10.34894/QT5BCC)|False|in_snapshot
pwt.cgdpo|macrofield|K_R: denominator of the capital-output ratio|EU:HRV|Output-side real GDP at current PPPs (millions of 2017 US dollars), aggregate member|A|30|concurrent|True|Penn World Table 10.01 (Groningen, DOI 10.34894/QT5BCC)|False|in_snapshot
pwt.delta|macrofield|K_R: depreciation in the perpetual-inventory extension|EU:HRV|Average depreciation rate of the capital stock (rate), aggregate member|A|30|lagging|False|Penn World Table 10.01 (Groningen, DOI 10.34894/QT5BCC)|False|in_snapshot
pwt.cn|macrofield|K_R: numerator of the capital-output ratio|EU:CYP|Capital stock at current PPPs (millions of 2017 US dollars), aggregate member|A|30|lagging|True|Penn World Table 10.01 (Groningen, DOI 10.34894/QT5BCC)|False|in_snapshot
pwt.cgdpo|macrofield|K_R: denominator of the capital-output ratio|EU:CYP|Output-side real GDP at current PPPs (millions of 2017 US dollars), aggregate member|A|30|concurrent|True|Penn World Table 10.01 (Groningen, DOI 10.34894/QT5BCC)|False|in_snapshot
pwt.delta|macrofield|K_R: depreciation in the perpetual-inventory extension|EU:CYP|Average depreciation rate of the capital stock (rate), aggregate member|A|30|lagging|False|Penn World Table 10.01 (Groningen, DOI 10.34894/QT5BCC)|False|in_snapshot
pwt.cn|macrofield|K_R: numerator of the capital-output ratio|EU:EST|Capital stock at current PPPs (millions of 2017 US dollars), aggregate member|A|30|lagging|True|Penn World Table 10.01 (Groningen, DOI 10.34894/QT5BCC)|False|in_snapshot
pwt.cgdpo|macrofield|K_R: denominator of the capital-output ratio|EU:EST|Output-side real GDP at current PPPs (millions of 2017 US dollars), aggregate member|A|30|concurrent|True|Penn World Table 10.01 (Groningen, DOI 10.34894/QT5BCC)|False|in_snapshot
pwt.delta|macrofield|K_R: depreciation in the perpetual-inventory extension|EU:EST|Average depreciation rate of the capital stock (rate), aggregate member|A|30|lagging|False|Penn World Table 10.01 (Groningen, DOI 10.34894/QT5BCC)|False|in_snapshot
pwt.cn|macrofield|K_R: numerator of the capital-output ratio|EU:FIN|Capital stock at current PPPs (millions of 2017 US dollars), aggregate member|A|30|lagging|True|Penn World Table 10.01 (Groningen, DOI 10.34894/QT5BCC)|False|in_snapshot
pwt.cgdpo|macrofield|K_R: denominator of the capital-output ratio|EU:FIN|Output-side real GDP at current PPPs (millions of 2017 US dollars), aggregate member|A|30|concurrent|True|Penn World Table 10.01 (Groningen, DOI 10.34894/QT5BCC)|False|in_snapshot
pwt.delta|macrofield|K_R: depreciation in the perpetual-inventory extension|EU:FIN|Average depreciation rate of the capital stock (rate), aggregate member|A|30|lagging|False|Penn World Table 10.01 (Groningen, DOI 10.34894/QT5BCC)|False|in_snapshot
pwt.cn|macrofield|K_R: numerator of the capital-output ratio|EU:FRA|Capital stock at current PPPs (millions of 2017 US dollars), aggregate member|A|30|lagging|True|Penn World Table 10.01 (Groningen, DOI 10.34894/QT5BCC)|False|in_snapshot
pwt.cgdpo|macrofield|K_R: denominator of the capital-output ratio|EU:FRA|Output-side real GDP at current PPPs (millions of 2017 US dollars), aggregate member|A|30|concurrent|True|Penn World Table 10.01 (Groningen, DOI 10.34894/QT5BCC)|False|in_snapshot
pwt.delta|macrofield|K_R: depreciation in the perpetual-inventory extension|EU:FRA|Average depreciation rate of the capital stock (rate), aggregate member|A|30|lagging|False|Penn World Table 10.01 (Groningen, DOI 10.34894/QT5BCC)|False|in_snapshot
pwt.cn|macrofield|K_R: numerator of the capital-output ratio|EU:DEU|Capital stock at current PPPs (millions of 2017 US dollars), aggregate member|A|30|lagging|True|Penn World Table 10.01 (Groningen, DOI 10.34894/QT5BCC)|False|in_snapshot
pwt.cgdpo|macrofield|K_R: denominator of the capital-output ratio|EU:DEU|Output-side real GDP at current PPPs (millions of 2017 US dollars), aggregate member|A|30|concurrent|True|Penn World Table 10.01 (Groningen, DOI 10.34894/QT5BCC)|False|in_snapshot
pwt.delta|macrofield|K_R: depreciation in the perpetual-inventory extension|EU:DEU|Average depreciation rate of the capital stock (rate), aggregate member|A|30|lagging|False|Penn World Table 10.01 (Groningen, DOI 10.34894/QT5BCC)|False|in_snapshot
pwt.cn|macrofield|K_R: numerator of the capital-output ratio|EU:GRC|Capital stock at current PPPs (millions of 2017 US dollars), aggregate member|A|30|lagging|True|Penn World Table 10.01 (Groningen, DOI 10.34894/QT5BCC)|False|in_snapshot
pwt.cgdpo|macrofield|K_R: denominator of the capital-output ratio|EU:GRC|Output-side real GDP at current PPPs (millions of 2017 US dollars), aggregate member|A|30|concurrent|True|Penn World Table 10.01 (Groningen, DOI 10.34894/QT5BCC)|False|in_snapshot
pwt.delta|macrofield|K_R: depreciation in the perpetual-inventory extension|EU:GRC|Average depreciation rate of the capital stock (rate), aggregate member|A|30|lagging|False|Penn World Table 10.01 (Groningen, DOI 10.34894/QT5BCC)|False|in_snapshot
pwt.cn|macrofield|K_R: numerator of the capital-output ratio|EU:IRL|Capital stock at current PPPs (millions of 2017 US dollars), aggregate member|A|30|lagging|True|Penn World Table 10.01 (Groningen, DOI 10.34894/QT5BCC)|False|in_snapshot
pwt.cgdpo|macrofield|K_R: denominator of the capital-output ratio|EU:IRL|Output-side real GDP at current PPPs (millions of 2017 US dollars), aggregate member|A|30|concurrent|True|Penn World Table 10.01 (Groningen, DOI 10.34894/QT5BCC)|False|in_snapshot
pwt.delta|macrofield|K_R: depreciation in the perpetual-inventory extension|EU:IRL|Average depreciation rate of the capital stock (rate), aggregate member|A|30|lagging|False|Penn World Table 10.01 (Groningen, DOI 10.34894/QT5BCC)|False|in_snapshot
pwt.cn|macrofield|K_R: numerator of the capital-output ratio|EU:ITA|Capital stock at current PPPs (millions of 2017 US dollars), aggregate member|A|30|lagging|True|Penn World Table 10.01 (Groningen, DOI 10.34894/QT5BCC)|False|in_snapshot
pwt.cgdpo|macrofield|K_R: denominator of the capital-output ratio|EU:ITA|Output-side real GDP at current PPPs (millions of 2017 US dollars), aggregate member|A|30|concurrent|True|Penn World Table 10.01 (Groningen, DOI 10.34894/QT5BCC)|False|in_snapshot
pwt.delta|macrofield|K_R: depreciation in the perpetual-inventory extension|EU:ITA|Average depreciation rate of the capital stock (rate), aggregate member|A|30|lagging|False|Penn World Table 10.01 (Groningen, DOI 10.34894/QT5BCC)|False|in_snapshot
pwt.cn|macrofield|K_R: numerator of the capital-output ratio|EU:LVA|Capital stock at current PPPs (millions of 2017 US dollars), aggregate member|A|30|lagging|True|Penn World Table 10.01 (Groningen, DOI 10.34894/QT5BCC)|False|in_snapshot
pwt.cgdpo|macrofield|K_R: denominator of the capital-output ratio|EU:LVA|Output-side real GDP at current PPPs (millions of 2017 US dollars), aggregate member|A|30|concurrent|True|Penn World Table 10.01 (Groningen, DOI 10.34894/QT5BCC)|False|in_snapshot
pwt.delta|macrofield|K_R: depreciation in the perpetual-inventory extension|EU:LVA|Average depreciation rate of the capital stock (rate), aggregate member|A|30|lagging|False|Penn World Table 10.01 (Groningen, DOI 10.34894/QT5BCC)|False|in_snapshot
pwt.cn|macrofield|K_R: numerator of the capital-output ratio|EU:LTU|Capital stock at current PPPs (millions of 2017 US dollars), aggregate member|A|30|lagging|True|Penn World Table 10.01 (Groningen, DOI 10.34894/QT5BCC)|False|in_snapshot
pwt.cgdpo|macrofield|K_R: denominator of the capital-output ratio|EU:LTU|Output-side real GDP at current PPPs (millions of 2017 US dollars), aggregate member|A|30|concurrent|True|Penn World Table 10.01 (Groningen, DOI 10.34894/QT5BCC)|False|in_snapshot
pwt.delta|macrofield|K_R: depreciation in the perpetual-inventory extension|EU:LTU|Average depreciation rate of the capital stock (rate), aggregate member|A|30|lagging|False|Penn World Table 10.01 (Groningen, DOI 10.34894/QT5BCC)|False|in_snapshot
pwt.cn|macrofield|K_R: numerator of the capital-output ratio|EU:LUX|Capital stock at current PPPs (millions of 2017 US dollars), aggregate member|A|30|lagging|True|Penn World Table 10.01 (Groningen, DOI 10.34894/QT5BCC)|False|in_snapshot
pwt.cgdpo|macrofield|K_R: denominator of the capital-output ratio|EU:LUX|Output-side real GDP at current PPPs (millions of 2017 US dollars), aggregate member|A|30|concurrent|True|Penn World Table 10.01 (Groningen, DOI 10.34894/QT5BCC)|False|in_snapshot
pwt.delta|macrofield|K_R: depreciation in the perpetual-inventory extension|EU:LUX|Average depreciation rate of the capital stock (rate), aggregate member|A|30|lagging|False|Penn World Table 10.01 (Groningen, DOI 10.34894/QT5BCC)|False|in_snapshot
pwt.cn|macrofield|K_R: numerator of the capital-output ratio|EU:MLT|Capital stock at current PPPs (millions of 2017 US dollars), aggregate member|A|30|lagging|True|Penn World Table 10.01 (Groningen, DOI 10.34894/QT5BCC)|False|in_snapshot
pwt.cgdpo|macrofield|K_R: denominator of the capital-output ratio|EU:MLT|Output-side real GDP at current PPPs (millions of 2017 US dollars), aggregate member|A|30|concurrent|True|Penn World Table 10.01 (Groningen, DOI 10.34894/QT5BCC)|False|in_snapshot
pwt.delta|macrofield|K_R: depreciation in the perpetual-inventory extension|EU:MLT|Average depreciation rate of the capital stock (rate), aggregate member|A|30|lagging|False|Penn World Table 10.01 (Groningen, DOI 10.34894/QT5BCC)|False|in_snapshot
pwt.cn|macrofield|K_R: numerator of the capital-output ratio|EU:NLD|Capital stock at current PPPs (millions of 2017 US dollars), aggregate member|A|30|lagging|True|Penn World Table 10.01 (Groningen, DOI 10.34894/QT5BCC)|False|in_snapshot
pwt.cgdpo|macrofield|K_R: denominator of the capital-output ratio|EU:NLD|Output-side real GDP at current PPPs (millions of 2017 US dollars), aggregate member|A|30|concurrent|True|Penn World Table 10.01 (Groningen, DOI 10.34894/QT5BCC)|False|in_snapshot
pwt.delta|macrofield|K_R: depreciation in the perpetual-inventory extension|EU:NLD|Average depreciation rate of the capital stock (rate), aggregate member|A|30|lagging|False|Penn World Table 10.01 (Groningen, DOI 10.34894/QT5BCC)|False|in_snapshot
pwt.cn|macrofield|K_R: numerator of the capital-output ratio|EU:PRT|Capital stock at current PPPs (millions of 2017 US dollars), aggregate member|A|30|lagging|True|Penn World Table 10.01 (Groningen, DOI 10.34894/QT5BCC)|False|in_snapshot
pwt.cgdpo|macrofield|K_R: denominator of the capital-output ratio|EU:PRT|Output-side real GDP at current PPPs (millions of 2017 US dollars), aggregate member|A|30|concurrent|True|Penn World Table 10.01 (Groningen, DOI 10.34894/QT5BCC)|False|in_snapshot
pwt.delta|macrofield|K_R: depreciation in the perpetual-inventory extension|EU:PRT|Average depreciation rate of the capital stock (rate), aggregate member|A|30|lagging|False|Penn World Table 10.01 (Groningen, DOI 10.34894/QT5BCC)|False|in_snapshot
pwt.cn|macrofield|K_R: numerator of the capital-output ratio|EU:SVK|Capital stock at current PPPs (millions of 2017 US dollars), aggregate member|A|30|lagging|True|Penn World Table 10.01 (Groningen, DOI 10.34894/QT5BCC)|False|in_snapshot
pwt.cgdpo|macrofield|K_R: denominator of the capital-output ratio|EU:SVK|Output-side real GDP at current PPPs (millions of 2017 US dollars), aggregate member|A|30|concurrent|True|Penn World Table 10.01 (Groningen, DOI 10.34894/QT5BCC)|False|in_snapshot
pwt.delta|macrofield|K_R: depreciation in the perpetual-inventory extension|EU:SVK|Average depreciation rate of the capital stock (rate), aggregate member|A|30|lagging|False|Penn World Table 10.01 (Groningen, DOI 10.34894/QT5BCC)|False|in_snapshot
pwt.cn|macrofield|K_R: numerator of the capital-output ratio|EU:SVN|Capital stock at current PPPs (millions of 2017 US dollars), aggregate member|A|30|lagging|True|Penn World Table 10.01 (Groningen, DOI 10.34894/QT5BCC)|False|in_snapshot
pwt.cgdpo|macrofield|K_R: denominator of the capital-output ratio|EU:SVN|Output-side real GDP at current PPPs (millions of 2017 US dollars), aggregate member|A|30|concurrent|True|Penn World Table 10.01 (Groningen, DOI 10.34894/QT5BCC)|False|in_snapshot
pwt.delta|macrofield|K_R: depreciation in the perpetual-inventory extension|EU:SVN|Average depreciation rate of the capital stock (rate), aggregate member|A|30|lagging|False|Penn World Table 10.01 (Groningen, DOI 10.34894/QT5BCC)|False|in_snapshot
pwt.cn|macrofield|K_R: numerator of the capital-output ratio|EU:ESP|Capital stock at current PPPs (millions of 2017 US dollars), aggregate member|A|30|lagging|True|Penn World Table 10.01 (Groningen, DOI 10.34894/QT5BCC)|False|in_snapshot
pwt.cgdpo|macrofield|K_R: denominator of the capital-output ratio|EU:ESP|Output-side real GDP at current PPPs (millions of 2017 US dollars), aggregate member|A|30|concurrent|True|Penn World Table 10.01 (Groningen, DOI 10.34894/QT5BCC)|False|in_snapshot
pwt.delta|macrofield|K_R: depreciation in the perpetual-inventory extension|EU:ESP|Average depreciation rate of the capital stock (rate), aggregate member|A|30|lagging|False|Penn World Table 10.01 (Groningen, DOI 10.34894/QT5BCC)|False|in_snapshot
wb.NY.GDP.MKTP.CD|macrofield|Y: output level every other quantity is expressed against|IN|Gross domestic product, current prices (current US dollars)|A|30|concurrent|True|World Bank WDI (keyless API)|False|in_snapshot
wb.NE.GDI.FTOT.ZS|macrofield|K_R: perpetual-inventory extension of the capital ratio past PWT|IN|Gross fixed capital formation (percent of GDP)|A|30|concurrent|False|World Bank WDI (keyless API)|False|in_snapshot
wb.NY.GDP.MKTP.KD.ZG|macrofield|K_R: perpetual-inventory extension of the capital ratio past PWT|IN|Real GDP growth (percent)|A|30|concurrent|False|World Bank WDI (keyless API)|False|in_snapshot
wb.NY.GNS.ICTR.ZS|macrofield|p_s: savings rate of the equations of motion|IN|Gross national savings (percent of GDP)|A|30|concurrent|False|World Bank WDI (keyless API)|False|in_snapshot
wb.GC.NLD.TOTL.GD.ZS|macrofield|S: stimulus proxy, sign reversed so a deficit is an injection|IN|General government net lending (+) / borrowing (-) (percent of GDP)|A|30|leading|False|World Bank WDI (keyless API)|False|in_snapshot
wb.SP.POP.TOTL|macrofield|p_b: population growth, which section 0.2 says p_b tracks|IN|Population, total (persons)|A|30|lagging|False|World Bank WDI (keyless API)|False|in_snapshot
bis.total_credit|macrofield|Saturation axis and K_I (ratio times Y); also net new credit for S|IN|Total credit to the non-financial sector, all lenders, market value, adjusted for breaks (percent of GDP)|Q|30|leading|True|BIS total credit statistics, WS_TC bulk file (keyless)|False|in_snapshot
pwt.cn|macrofield|K_R: numerator of the capital-output ratio|IN|Capital stock at current PPPs (millions of 2017 US dollars)|A|30|lagging|True|Penn World Table 10.01 (Groningen, DOI 10.34894/QT5BCC)|False|in_snapshot
pwt.cgdpo|macrofield|K_R: denominator of the capital-output ratio|IN|Output-side real GDP at current PPPs (millions of 2017 US dollars)|A|30|concurrent|True|Penn World Table 10.01 (Groningen, DOI 10.34894/QT5BCC)|False|in_snapshot
pwt.delta|macrofield|K_R: depreciation in the perpetual-inventory extension|IN|Average depreciation rate of the capital stock (rate)|A|30|lagging|False|Penn World Table 10.01 (Groningen, DOI 10.34894/QT5BCC)|False|in_snapshot
wb.NY.GDP.MKTP.CD|macrofield|Y: output level every other quantity is expressed against|ID|Gross domestic product, current prices (current US dollars)|A|30|concurrent|True|World Bank WDI (keyless API)|False|in_snapshot
wb.NE.GDI.FTOT.ZS|macrofield|K_R: perpetual-inventory extension of the capital ratio past PWT|ID|Gross fixed capital formation (percent of GDP)|A|30|concurrent|False|World Bank WDI (keyless API)|False|in_snapshot
wb.NY.GDP.MKTP.KD.ZG|macrofield|K_R: perpetual-inventory extension of the capital ratio past PWT|ID|Real GDP growth (percent)|A|30|concurrent|False|World Bank WDI (keyless API)|False|in_snapshot
wb.NY.GNS.ICTR.ZS|macrofield|p_s: savings rate of the equations of motion|ID|Gross national savings (percent of GDP)|A|30|concurrent|False|World Bank WDI (keyless API)|False|in_snapshot
wb.SP.POP.TOTL|macrofield|p_b: population growth, which section 0.2 says p_b tracks|ID|Population, total (persons)|A|30|lagging|False|World Bank WDI (keyless API)|False|in_snapshot
bis.total_credit|macrofield|Saturation axis and K_I (ratio times Y); also net new credit for S|ID|Total credit to the non-financial sector, all lenders, market value, adjusted for breaks (percent of GDP)|Q|30|leading|True|BIS total credit statistics, WS_TC bulk file (keyless)|False|in_snapshot
pwt.cn|macrofield|K_R: numerator of the capital-output ratio|ID|Capital stock at current PPPs (millions of 2017 US dollars)|A|30|lagging|True|Penn World Table 10.01 (Groningen, DOI 10.34894/QT5BCC)|False|in_snapshot
pwt.cgdpo|macrofield|K_R: denominator of the capital-output ratio|ID|Output-side real GDP at current PPPs (millions of 2017 US dollars)|A|30|concurrent|True|Penn World Table 10.01 (Groningen, DOI 10.34894/QT5BCC)|False|in_snapshot
pwt.delta|macrofield|K_R: depreciation in the perpetual-inventory extension|ID|Average depreciation rate of the capital stock (rate)|A|30|lagging|False|Penn World Table 10.01 (Groningen, DOI 10.34894/QT5BCC)|False|in_snapshot
imf.GGXCNL_NGDP|macrofield|S: stimulus proxy where the World Bank series is absent or ends early|ID|General government net lending (+) / borrowing (-), IMF World Economic Outlook; forecast years cut at the calibration's last actual year (percent of GDP)|A|30|leading|False|IMF DataMapper API (keyless): WEO and Global Debt Database panels|False|in_snapshot
wb.NY.GDP.MKTP.CD|macrofield|Y: output level every other quantity is expressed against|MY|Gross domestic product, current prices (current US dollars)|A|30|concurrent|True|World Bank WDI (keyless API)|False|in_snapshot
wb.NE.GDI.FTOT.ZS|macrofield|K_R: perpetual-inventory extension of the capital ratio past PWT|MY|Gross fixed capital formation (percent of GDP)|A|30|concurrent|False|World Bank WDI (keyless API)|False|in_snapshot
wb.NY.GDP.MKTP.KD.ZG|macrofield|K_R: perpetual-inventory extension of the capital ratio past PWT|MY|Real GDP growth (percent)|A|30|concurrent|False|World Bank WDI (keyless API)|False|in_snapshot
wb.NY.GNS.ICTR.ZS|macrofield|p_s: savings rate of the equations of motion|MY|Gross national savings (percent of GDP)|A|30|concurrent|False|World Bank WDI (keyless API)|False|in_snapshot
wb.GC.NLD.TOTL.GD.ZS|macrofield|S: stimulus proxy, sign reversed so a deficit is an injection|MY|General government net lending (+) / borrowing (-) (percent of GDP)|A|30|leading|False|World Bank WDI (keyless API)|False|in_snapshot
wb.SP.POP.TOTL|macrofield|p_b: population growth, which section 0.2 says p_b tracks|MY|Population, total (persons)|A|30|lagging|False|World Bank WDI (keyless API)|False|in_snapshot
bis.total_credit|macrofield|Saturation axis and K_I (ratio times Y); also net new credit for S|MY|Total credit to the non-financial sector, all lenders, market value, adjusted for breaks (percent of GDP)|Q|30|leading|True|BIS total credit statistics, WS_TC bulk file (keyless)|False|in_snapshot
pwt.cn|macrofield|K_R: numerator of the capital-output ratio|MY|Capital stock at current PPPs (millions of 2017 US dollars)|A|30|lagging|True|Penn World Table 10.01 (Groningen, DOI 10.34894/QT5BCC)|False|in_snapshot
pwt.cgdpo|macrofield|K_R: denominator of the capital-output ratio|MY|Output-side real GDP at current PPPs (millions of 2017 US dollars)|A|30|concurrent|True|Penn World Table 10.01 (Groningen, DOI 10.34894/QT5BCC)|False|in_snapshot
pwt.delta|macrofield|K_R: depreciation in the perpetual-inventory extension|MY|Average depreciation rate of the capital stock (rate)|A|30|lagging|False|Penn World Table 10.01 (Groningen, DOI 10.34894/QT5BCC)|False|in_snapshot
wb.NY.GDP.MKTP.CD|macrofield|Y: output level every other quantity is expressed against|PH|Gross domestic product, current prices (current US dollars)|A|30|concurrent|True|World Bank WDI (keyless API)|False|in_snapshot
wb.NE.GDI.FTOT.ZS|macrofield|K_R: perpetual-inventory extension of the capital ratio past PWT|PH|Gross fixed capital formation (percent of GDP)|A|30|concurrent|False|World Bank WDI (keyless API)|False|in_snapshot
wb.NY.GDP.MKTP.KD.ZG|macrofield|K_R: perpetual-inventory extension of the capital ratio past PWT|PH|Real GDP growth (percent)|A|30|concurrent|False|World Bank WDI (keyless API)|False|in_snapshot
wb.NY.GNS.ICTR.ZS|macrofield|p_s: savings rate of the equations of motion|PH|Gross national savings (percent of GDP)|A|30|concurrent|False|World Bank WDI (keyless API)|False|in_snapshot
wb.GC.NLD.TOTL.GD.ZS|macrofield|S: stimulus proxy, sign reversed so a deficit is an injection|PH|General government net lending (+) / borrowing (-) (percent of GDP)|A|30|leading|False|World Bank WDI (keyless API)|False|in_snapshot
wb.SP.POP.TOTL|macrofield|p_b: population growth, which section 0.2 says p_b tracks|PH|Population, total (persons)|A|30|lagging|False|World Bank WDI (keyless API)|False|in_snapshot
pwt.cn|macrofield|K_R: numerator of the capital-output ratio|PH|Capital stock at current PPPs (millions of 2017 US dollars)|A|30|lagging|True|Penn World Table 10.01 (Groningen, DOI 10.34894/QT5BCC)|False|in_snapshot
pwt.cgdpo|macrofield|K_R: denominator of the capital-output ratio|PH|Output-side real GDP at current PPPs (millions of 2017 US dollars)|A|30|concurrent|True|Penn World Table 10.01 (Groningen, DOI 10.34894/QT5BCC)|False|in_snapshot
pwt.delta|macrofield|K_R: depreciation in the perpetual-inventory extension|PH|Average depreciation rate of the capital stock (rate)|A|30|lagging|False|Penn World Table 10.01 (Groningen, DOI 10.34894/QT5BCC)|False|in_snapshot
imf.PVD_LS|macrofield|Saturation axis where BIS publishes none: private plus government debt, the same concept as BIS total credit to the non-financial sector|PH|Private debt, loans and debt securities, IMF Global Debt Database (percent of GDP)|A|30|leading|True|IMF DataMapper API (keyless): WEO and Global Debt Database panels|False|in_snapshot
imf.GG_DEBT_GDP|macrofield|Government part of the IMF saturation axis|PH|General government debt, IMF Global Debt Database (percent of GDP)|A|30|lagging|True|IMF DataMapper API (keyless): WEO and Global Debt Database panels|False|in_snapshot
imf.GGXWDG_NGDP|macrofield|Government part of the IMF saturation axis where the Global Debt Database has none|PH|General government gross debt, IMF World Economic Outlook (percent of GDP)|A|30|lagging|True|IMF DataMapper API (keyless): WEO and Global Debt Database panels|False|in_snapshot
wb.NY.GDP.MKTP.CD|macrofield|Y: output level every other quantity is expressed against|TH|Gross domestic product, current prices (current US dollars)|A|30|concurrent|True|World Bank WDI (keyless API)|False|in_snapshot
wb.NE.GDI.FTOT.ZS|macrofield|K_R: perpetual-inventory extension of the capital ratio past PWT|TH|Gross fixed capital formation (percent of GDP)|A|30|concurrent|False|World Bank WDI (keyless API)|False|in_snapshot
wb.NY.GDP.MKTP.KD.ZG|macrofield|K_R: perpetual-inventory extension of the capital ratio past PWT|TH|Real GDP growth (percent)|A|30|concurrent|False|World Bank WDI (keyless API)|False|in_snapshot
wb.NY.GNS.ICTR.ZS|macrofield|p_s: savings rate of the equations of motion|TH|Gross national savings (percent of GDP)|A|30|concurrent|False|World Bank WDI (keyless API)|False|in_snapshot
wb.GC.NLD.TOTL.GD.ZS|macrofield|S: stimulus proxy, sign reversed so a deficit is an injection|TH|General government net lending (+) / borrowing (-) (percent of GDP)|A|30|leading|False|World Bank WDI (keyless API)|False|in_snapshot
wb.SP.POP.TOTL|macrofield|p_b: population growth, which section 0.2 says p_b tracks|TH|Population, total (persons)|A|30|lagging|False|World Bank WDI (keyless API)|False|in_snapshot
bis.total_credit|macrofield|Saturation axis and K_I (ratio times Y); also net new credit for S|TH|Total credit to the non-financial sector, all lenders, market value, adjusted for breaks (percent of GDP)|Q|30|leading|True|BIS total credit statistics, WS_TC bulk file (keyless)|False|in_snapshot
pwt.cn|macrofield|K_R: numerator of the capital-output ratio|TH|Capital stock at current PPPs (millions of 2017 US dollars)|A|30|lagging|True|Penn World Table 10.01 (Groningen, DOI 10.34894/QT5BCC)|False|in_snapshot
pwt.cgdpo|macrofield|K_R: denominator of the capital-output ratio|TH|Output-side real GDP at current PPPs (millions of 2017 US dollars)|A|30|concurrent|True|Penn World Table 10.01 (Groningen, DOI 10.34894/QT5BCC)|False|in_snapshot
pwt.delta|macrofield|K_R: depreciation in the perpetual-inventory extension|TH|Average depreciation rate of the capital stock (rate)|A|30|lagging|False|Penn World Table 10.01 (Groningen, DOI 10.34894/QT5BCC)|False|in_snapshot
wb.NY.GDP.MKTP.CD|macrofield|Y: output level every other quantity is expressed against|GB|Gross domestic product, current prices (current US dollars)|A|30|concurrent|True|World Bank WDI (keyless API)|False|in_snapshot
wb.NE.GDI.FTOT.ZS|macrofield|K_R: perpetual-inventory extension of the capital ratio past PWT|GB|Gross fixed capital formation (percent of GDP)|A|30|concurrent|False|World Bank WDI (keyless API)|False|in_snapshot
wb.NY.GDP.MKTP.KD.ZG|macrofield|K_R: perpetual-inventory extension of the capital ratio past PWT|GB|Real GDP growth (percent)|A|30|concurrent|False|World Bank WDI (keyless API)|False|in_snapshot
wb.NY.GNS.ICTR.ZS|macrofield|p_s: savings rate of the equations of motion|GB|Gross national savings (percent of GDP)|A|30|concurrent|False|World Bank WDI (keyless API)|False|in_snapshot
wb.GC.NLD.TOTL.GD.ZS|macrofield|S: stimulus proxy, sign reversed so a deficit is an injection|GB|General government net lending (+) / borrowing (-) (percent of GDP)|A|30|leading|False|World Bank WDI (keyless API)|False|in_snapshot
wb.SP.POP.TOTL|macrofield|p_b: population growth, which section 0.2 says p_b tracks|GB|Population, total (persons)|A|30|lagging|False|World Bank WDI (keyless API)|False|in_snapshot
bis.total_credit|macrofield|Saturation axis and K_I (ratio times Y); also net new credit for S|GB|Total credit to the non-financial sector, all lenders, market value, adjusted for breaks (percent of GDP)|Q|30|leading|True|BIS total credit statistics, WS_TC bulk file (keyless)|False|in_snapshot
pwt.cn|macrofield|K_R: numerator of the capital-output ratio|GB|Capital stock at current PPPs (millions of 2017 US dollars)|A|30|lagging|True|Penn World Table 10.01 (Groningen, DOI 10.34894/QT5BCC)|False|in_snapshot
pwt.cgdpo|macrofield|K_R: denominator of the capital-output ratio|GB|Output-side real GDP at current PPPs (millions of 2017 US dollars)|A|30|concurrent|True|Penn World Table 10.01 (Groningen, DOI 10.34894/QT5BCC)|False|in_snapshot
pwt.delta|macrofield|K_R: depreciation in the perpetual-inventory extension|GB|Average depreciation rate of the capital stock (rate)|A|30|lagging|False|Penn World Table 10.01 (Groningen, DOI 10.34894/QT5BCC)|False|in_snapshot
wb.NY.GDP.MKTP.CD|macrofield|Y: output level every other quantity is expressed against|US|Gross domestic product, current prices (current US dollars)|A|30|concurrent|True|World Bank WDI (keyless API)|False|in_snapshot
wb.NE.GDI.FTOT.ZS|macrofield|K_R: perpetual-inventory extension of the capital ratio past PWT|US|Gross fixed capital formation (percent of GDP)|A|30|concurrent|False|World Bank WDI (keyless API)|False|in_snapshot
wb.NY.GDP.MKTP.KD.ZG|macrofield|K_R: perpetual-inventory extension of the capital ratio past PWT|US|Real GDP growth (percent)|A|30|concurrent|False|World Bank WDI (keyless API)|False|in_snapshot
wb.NY.GNS.ICTR.ZS|macrofield|p_s: savings rate of the equations of motion|US|Gross national savings (percent of GDP)|A|30|concurrent|False|World Bank WDI (keyless API)|False|in_snapshot
wb.GC.NLD.TOTL.GD.ZS|macrofield|S: stimulus proxy, sign reversed so a deficit is an injection|US|General government net lending (+) / borrowing (-) (percent of GDP)|A|30|leading|False|World Bank WDI (keyless API)|False|in_snapshot
wb.SP.POP.TOTL|macrofield|p_b: population growth, which section 0.2 says p_b tracks|US|Population, total (persons)|A|30|lagging|False|World Bank WDI (keyless API)|False|in_snapshot
bis.total_credit|macrofield|Saturation axis and K_I (ratio times Y); also net new credit for S|US|Total credit to the non-financial sector, all lenders, market value, adjusted for breaks (percent of GDP)|Q|30|leading|True|BIS total credit statistics, WS_TC bulk file (keyless)|False|in_snapshot
pwt.cn|macrofield|K_R: numerator of the capital-output ratio|US|Capital stock at current PPPs (millions of 2017 US dollars)|A|30|lagging|True|Penn World Table 10.01 (Groningen, DOI 10.34894/QT5BCC)|False|in_snapshot
pwt.cgdpo|macrofield|K_R: denominator of the capital-output ratio|US|Output-side real GDP at current PPPs (millions of 2017 US dollars)|A|30|concurrent|True|Penn World Table 10.01 (Groningen, DOI 10.34894/QT5BCC)|False|in_snapshot
pwt.delta|macrofield|K_R: depreciation in the perpetual-inventory extension|US|Average depreciation rate of the capital stock (rate)|A|30|lagging|False|Penn World Table 10.01 (Groningen, DOI 10.34894/QT5BCC)|False|in_snapshot
wb.NY.GDP.MKTP.CD|macrofield|Y: output level every other quantity is expressed against|JP|Gross domestic product, current prices (current US dollars)|A|30|concurrent|True|World Bank WDI (keyless API)|False|in_snapshot
wb.NE.GDI.FTOT.ZS|macrofield|K_R: perpetual-inventory extension of the capital ratio past PWT|JP|Gross fixed capital formation (percent of GDP)|A|30|concurrent|False|World Bank WDI (keyless API)|False|in_snapshot
wb.NY.GDP.MKTP.KD.ZG|macrofield|K_R: perpetual-inventory extension of the capital ratio past PWT|JP|Real GDP growth (percent)|A|30|concurrent|False|World Bank WDI (keyless API)|False|in_snapshot
wb.NY.GNS.ICTR.ZS|macrofield|p_s: savings rate of the equations of motion|JP|Gross national savings (percent of GDP)|A|30|concurrent|False|World Bank WDI (keyless API)|False|in_snapshot
wb.SP.POP.TOTL|macrofield|p_b: population growth, which section 0.2 says p_b tracks|JP|Population, total (persons)|A|30|lagging|False|World Bank WDI (keyless API)|False|in_snapshot
bis.total_credit|macrofield|Saturation axis and K_I (ratio times Y); also net new credit for S|JP|Total credit to the non-financial sector, all lenders, market value, adjusted for breaks (percent of GDP)|Q|30|leading|True|BIS total credit statistics, WS_TC bulk file (keyless)|False|in_snapshot
pwt.cn|macrofield|K_R: numerator of the capital-output ratio|JP|Capital stock at current PPPs (millions of 2017 US dollars)|A|30|lagging|True|Penn World Table 10.01 (Groningen, DOI 10.34894/QT5BCC)|False|in_snapshot
pwt.cgdpo|macrofield|K_R: denominator of the capital-output ratio|JP|Output-side real GDP at current PPPs (millions of 2017 US dollars)|A|30|concurrent|True|Penn World Table 10.01 (Groningen, DOI 10.34894/QT5BCC)|False|in_snapshot
pwt.delta|macrofield|K_R: depreciation in the perpetual-inventory extension|JP|Average depreciation rate of the capital stock (rate)|A|30|lagging|False|Penn World Table 10.01 (Groningen, DOI 10.34894/QT5BCC)|False|in_snapshot
imf.GGXCNL_NGDP|macrofield|S: stimulus proxy where the World Bank series is absent or ends early|JP|General government net lending (+) / borrowing (-), IMF World Economic Outlook; forecast years cut at the calibration's last actual year (percent of GDP)|A|30|leading|False|IMF DataMapper API (keyless): WEO and Global Debt Database panels|False|in_snapshot
wb.NY.GDP.MKTP.CD|macrofield|Y: output level every other quantity is expressed against|BD|Gross domestic product, current prices (current US dollars)|A|30|concurrent|True|World Bank WDI (keyless API)|False|in_snapshot
wb.NE.GDI.FTOT.ZS|macrofield|K_R: perpetual-inventory extension of the capital ratio past PWT|BD|Gross fixed capital formation (percent of GDP)|A|30|concurrent|False|World Bank WDI (keyless API)|False|in_snapshot
wb.NY.GDP.MKTP.KD.ZG|macrofield|K_R: perpetual-inventory extension of the capital ratio past PWT|BD|Real GDP growth (percent)|A|30|concurrent|False|World Bank WDI (keyless API)|False|in_snapshot
wb.NY.GNS.ICTR.ZS|macrofield|p_s: savings rate of the equations of motion|BD|Gross national savings (percent of GDP)|A|30|concurrent|False|World Bank WDI (keyless API)|False|in_snapshot
wb.SP.POP.TOTL|macrofield|p_b: population growth, which section 0.2 says p_b tracks|BD|Population, total (persons)|A|30|lagging|False|World Bank WDI (keyless API)|False|in_snapshot
pwt.cn|macrofield|K_R: numerator of the capital-output ratio|BD|Capital stock at current PPPs (millions of 2017 US dollars)|A|30|lagging|True|Penn World Table 10.01 (Groningen, DOI 10.34894/QT5BCC)|False|in_snapshot
pwt.cgdpo|macrofield|K_R: denominator of the capital-output ratio|BD|Output-side real GDP at current PPPs (millions of 2017 US dollars)|A|30|concurrent|True|Penn World Table 10.01 (Groningen, DOI 10.34894/QT5BCC)|False|in_snapshot
pwt.delta|macrofield|K_R: depreciation in the perpetual-inventory extension|BD|Average depreciation rate of the capital stock (rate)|A|30|lagging|False|Penn World Table 10.01 (Groningen, DOI 10.34894/QT5BCC)|False|in_snapshot
imf.GGXCNL_NGDP|macrofield|S: stimulus proxy where the World Bank series is absent or ends early|BD|General government net lending (+) / borrowing (-), IMF World Economic Outlook; forecast years cut at the calibration's last actual year (percent of GDP)|A|30|leading|False|IMF DataMapper API (keyless): WEO and Global Debt Database panels|False|in_snapshot
imf.PVD_LS|macrofield|Saturation axis where BIS publishes none: private plus government debt, the same concept as BIS total credit to the non-financial sector|BD|Private debt, loans and debt securities, IMF Global Debt Database (percent of GDP)|A|30|leading|True|IMF DataMapper API (keyless): WEO and Global Debt Database panels|False|in_snapshot
imf.GGXWDG_NGDP|macrofield|Government part of the IMF saturation axis where the Global Debt Database has none|BD|General government gross debt, IMF World Economic Outlook (percent of GDP)|A|30|lagging|True|IMF DataMapper API (keyless): WEO and Global Debt Database panels|False|in_snapshot
wb.NY.GDP.MKTP.CD|macrofield|Y: output level every other quantity is expressed against|VN|Gross domestic product, current prices (current US dollars)|A|30|concurrent|True|World Bank WDI (keyless API)|False|in_snapshot
wb.NE.GDI.FTOT.ZS|macrofield|K_R: perpetual-inventory extension of the capital ratio past PWT|VN|Gross fixed capital formation (percent of GDP)|A|30|concurrent|False|World Bank WDI (keyless API)|False|in_snapshot
wb.NY.GDP.MKTP.KD.ZG|macrofield|K_R: perpetual-inventory extension of the capital ratio past PWT|VN|Real GDP growth (percent)|A|30|concurrent|False|World Bank WDI (keyless API)|False|in_snapshot
wb.NY.GNS.ICTR.ZS|macrofield|p_s: savings rate of the equations of motion|VN|Gross national savings (percent of GDP)|A|30|concurrent|False|World Bank WDI (keyless API)|False|in_snapshot
wb.SP.POP.TOTL|macrofield|p_b: population growth, which section 0.2 says p_b tracks|VN|Population, total (persons)|A|30|lagging|False|World Bank WDI (keyless API)|False|in_snapshot
pwt.cn|macrofield|K_R: numerator of the capital-output ratio|VN|Capital stock at current PPPs (millions of 2017 US dollars)|A|30|lagging|True|Penn World Table 10.01 (Groningen, DOI 10.34894/QT5BCC)|False|in_snapshot
pwt.cgdpo|macrofield|K_R: denominator of the capital-output ratio|VN|Output-side real GDP at current PPPs (millions of 2017 US dollars)|A|30|concurrent|True|Penn World Table 10.01 (Groningen, DOI 10.34894/QT5BCC)|False|in_snapshot
pwt.delta|macrofield|K_R: depreciation in the perpetual-inventory extension|VN|Average depreciation rate of the capital stock (rate)|A|30|lagging|False|Penn World Table 10.01 (Groningen, DOI 10.34894/QT5BCC)|False|in_snapshot
imf.GGXCNL_NGDP|macrofield|S: stimulus proxy where the World Bank series is absent or ends early|VN|General government net lending (+) / borrowing (-), IMF World Economic Outlook; forecast years cut at the calibration's last actual year (percent of GDP)|A|30|leading|False|IMF DataMapper API (keyless): WEO and Global Debt Database panels|False|in_snapshot
imf.PVD_LS|macrofield|Saturation axis where BIS publishes none: private plus government debt, the same concept as BIS total credit to the non-financial sector|VN|Private debt, loans and debt securities, IMF Global Debt Database (percent of GDP)|A|30|leading|True|IMF DataMapper API (keyless): WEO and Global Debt Database panels|False|in_snapshot
imf.GG_DEBT_GDP|macrofield|Government part of the IMF saturation axis|VN|General government debt, IMF Global Debt Database (percent of GDP)|A|30|lagging|True|IMF DataMapper API (keyless): WEO and Global Debt Database panels|False|in_snapshot
imf.GGXWDG_NGDP|macrofield|Government part of the IMF saturation axis where the Global Debt Database has none|VN|General government gross debt, IMF World Economic Outlook (percent of GDP)|A|30|lagging|True|IMF DataMapper API (keyless): WEO and Global Debt Database panels|False|in_snapshot
wb.NY.GDP.MKTP.CD|macrofield|Y: output level every other quantity is expressed against|DE|Gross domestic product, current prices (current US dollars)|A|30|concurrent|True|World Bank WDI (keyless API)|False|in_snapshot
wb.NE.GDI.FTOT.ZS|macrofield|K_R: perpetual-inventory extension of the capital ratio past PWT|DE|Gross fixed capital formation (percent of GDP)|A|30|concurrent|False|World Bank WDI (keyless API)|False|in_snapshot
wb.NY.GDP.MKTP.KD.ZG|macrofield|K_R: perpetual-inventory extension of the capital ratio past PWT|DE|Real GDP growth (percent)|A|30|concurrent|False|World Bank WDI (keyless API)|False|in_snapshot
wb.NY.GNS.ICTR.ZS|macrofield|p_s: savings rate of the equations of motion|DE|Gross national savings (percent of GDP)|A|30|concurrent|False|World Bank WDI (keyless API)|False|in_snapshot
wb.GC.NLD.TOTL.GD.ZS|macrofield|S: stimulus proxy, sign reversed so a deficit is an injection|DE|General government net lending (+) / borrowing (-) (percent of GDP)|A|30|leading|False|World Bank WDI (keyless API)|False|in_snapshot
wb.SP.POP.TOTL|macrofield|p_b: population growth, which section 0.2 says p_b tracks|DE|Population, total (persons)|A|30|lagging|False|World Bank WDI (keyless API)|False|in_snapshot
pwt.cn|macrofield|K_R: numerator of the capital-output ratio|DE|Capital stock at current PPPs (millions of 2017 US dollars)|A|30|lagging|True|Penn World Table 10.01 (Groningen, DOI 10.34894/QT5BCC)|False|in_snapshot
pwt.cgdpo|macrofield|K_R: denominator of the capital-output ratio|DE|Output-side real GDP at current PPPs (millions of 2017 US dollars)|A|30|concurrent|True|Penn World Table 10.01 (Groningen, DOI 10.34894/QT5BCC)|False|in_snapshot
pwt.delta|macrofield|K_R: depreciation in the perpetual-inventory extension|DE|Average depreciation rate of the capital stock (rate)|A|30|lagging|False|Penn World Table 10.01 (Groningen, DOI 10.34894/QT5BCC)|False|in_snapshot
bbk.OU0308|macrofield|Saturation axis (Genreith's K): bank balance sheet over nominal GDP|DE|Balance sheet total, all categories of banks (MFIs) in Germany; December value, DM converted at 1.95583 before 1999 (EUR bn)|M|30|leading|True|Deutsche Bundesbank time series API, dataflow BBBK1 (keyless)|False|in_snapshot
bbk.OU0115|macrofield|Commercial-bank share (Genreith): loans over the bank balance sheet, Phase IV below 50 per cent|DE|Lending to domestic non-banks (non-MFIs), all categories of banks; December value, DM converted at 1.95583 before 1999 (EUR bn)|M|30|leading|False|Deutsche Bundesbank time series API, dataflow BBBK1 (keyless)|False|in_snapshot
wb.NY.GDP.MKTP.CN|macrofield|Denominator of the bank balance-sheet ratio from the splice year on|DE|Gross domestic product, current prices, national currency (LCU)|A|30|concurrent|True|World Bank WDI (keyless API)|False|in_snapshot
jst.gdp|macrofield|Denominator of the bank balance-sheet ratio before the splice year (territory of the bank statistics)|DE|Nominal GDP, national currency (Jorda-Schularick-Taylor Macrohistory Database R6); for Germany West German DM before 1990 (LCU bn)|A|30|concurrent|True|Jorda-Schularick-Taylor Macrohistory Database R6 (keyless; licence CC BY-NC-SA 4.0, non-commercial: check before commercial use)|False|in_snapshot
wb.NY.GDP.MKTP.CD|macrofield|Y: output level every other quantity is expressed against|ES|Gross domestic product, current prices (current US dollars)|A|30|concurrent|True|World Bank WDI (keyless API)|False|in_snapshot
wb.NE.GDI.FTOT.ZS|macrofield|K_R: perpetual-inventory extension of the capital ratio past PWT|ES|Gross fixed capital formation (percent of GDP)|A|30|concurrent|False|World Bank WDI (keyless API)|False|in_snapshot
wb.NY.GDP.MKTP.KD.ZG|macrofield|K_R: perpetual-inventory extension of the capital ratio past PWT|ES|Real GDP growth (percent)|A|30|concurrent|False|World Bank WDI (keyless API)|False|in_snapshot
wb.NY.GNS.ICTR.ZS|macrofield|p_s: savings rate of the equations of motion|ES|Gross national savings (percent of GDP)|A|30|concurrent|False|World Bank WDI (keyless API)|False|in_snapshot
wb.GC.NLD.TOTL.GD.ZS|macrofield|S: stimulus proxy, sign reversed so a deficit is an injection|ES|General government net lending (+) / borrowing (-) (percent of GDP)|A|30|leading|False|World Bank WDI (keyless API)|False|in_snapshot
wb.SP.POP.TOTL|macrofield|p_b: population growth, which section 0.2 says p_b tracks|ES|Population, total (persons)|A|30|lagging|False|World Bank WDI (keyless API)|False|in_snapshot
bis.total_credit|macrofield|Saturation axis and K_I (ratio times Y); also net new credit for S|ES|Total credit to the non-financial sector, all lenders, market value, adjusted for breaks (percent of GDP)|Q|30|leading|True|BIS total credit statistics, WS_TC bulk file (keyless)|False|in_snapshot
pwt.cn|macrofield|K_R: numerator of the capital-output ratio|ES|Capital stock at current PPPs (millions of 2017 US dollars)|A|30|lagging|True|Penn World Table 10.01 (Groningen, DOI 10.34894/QT5BCC)|False|in_snapshot
pwt.cgdpo|macrofield|K_R: denominator of the capital-output ratio|ES|Output-side real GDP at current PPPs (millions of 2017 US dollars)|A|30|concurrent|True|Penn World Table 10.01 (Groningen, DOI 10.34894/QT5BCC)|False|in_snapshot
pwt.delta|macrofield|K_R: depreciation in the perpetual-inventory extension|ES|Average depreciation rate of the capital stock (rate)|A|30|lagging|False|Penn World Table 10.01 (Groningen, DOI 10.34894/QT5BCC)|False|in_snapshot
oecd.consolidated_financial_assets|macrofield|K_I primary measure (book section 10.4): consolidated gross financial assets, 400 to 600 per cent of GDP for advanced economies. Calibration 1.0.0 uses BIS credit times the uplift instead|all|Financial balance sheets, total economy, consolidated financial assets|A|30|concurrent|True|OECD SDMX financial balance sheets (DF_T7PS1S2)|False|missing
bis.credit_financial_sector|macrofield|Replaces the 1.4 credit uplift with a measured value: credit to the financial sector, which BIS non-financial credit omits|all|Debt of financial corporations, % of GDP|Q|30|leading|True|Federal Reserve Z.1 (US), ECB QSA, national flow of funds|False|missing
