"",BBBK1.M.OU0115,BBBK1.M.OU0115_FLAGS
"",Assets and liabilities of banks (MFIs) in Germany vis-á-vis residents / Lendings to domestic non-banks (non-MFIs) / Total / All categories of banks,
Comment (in english),,
Decimals,3,
Time format code,P1M,
category,BABA1,
unit,DM/Euro,
unit multiplier,Billions,
last update,2026-09-01 14:29:22,
1948-12,9.388,
1949-01,10.331,
1949-02,10.731,
1949-03,11.157,
1949-04,11.630,
1949-05,12.070,
1949-06,13.347,
1949-07,13.779,
1949-08,14.520,
1949-09,15.473,
1949-10,16.746,
1949-11,17.705,
1949-12,18.327,
1950-01,19.080,
1950-02,19.876,
1950-03,20.636,
1950-04,21.130,
1950-05,21.568,
1950-06,22.658,
1950-07,23.267,
1950-08,24.076,
1950-09,25.286,
1950-10,26.562,
1950-11,27.333,
1950-12,28.243,
1951-01,28.704,
1951-02,29.489,
1951-03,29.414,
1951-04,29.419,
1951-05,29.721,
1951-06,30.454,
1951-07,31.065,
1951-08,31.749,
1951-09,32.716,
1951-10,33.639,
1951-11,34.428,
1951-12,35.555,
1952-01,36.454,
1952-02,37.120,
1952-03,37.785,
1952-04,38.057,
1952-05,38.625,
1952-06,38.796,
1952-07,39.440,
1952-08,40.204,
1952-09,41.358,
1952-10,42.239,
1952-11,43.110,
1952-12,44.701,
1953-01,45.888,
1953-02,46.700,
1953-03,47.260,
1953-04,48.193,
1953-05,49.005,
1953-06,49.828,
1953-07,50.578,
1953-08,51.608,
1953-09,52.741,
1953-10,53.364,
1953-11,54.367,
1953-12,55.655,
1954-01,56.798,
1954-02,58.123,
1954-03,59.282,
1954-04,59.817,
1954-05,60.813,
1954-06,61.646,
1954-07,62.448,
1954-08,63.149,
1954-09,64.870,
1954-10,65.915,
1954-11,67.061,
1954-12,69.342,
1955-01,70.473,
1955-02,71.175,
1955-03,72.353,
1955-04,73.137,
1955-05,73.825,
1955-06,74.920,
1955-07,76.247,
1955-08,77.325,
1955-09,78.819,
1955-10,79.887,
1955-11,81.007,
1955-12,82.827,
1956-01,84.032,
1956-02,84.844,
1956-03,85.714,
1956-04,87.131,
1956-05,87.823,
1956-06,88.681,
1956-07,89.118,
1956-08,89.863,
1956-09,90.906,
1956-10,91.659,
1956-11,92.638,
1956-12,93.280,
1957-01,93.522,
1957-02,94.276,
1957-03,95.068,
1957-04,95.096,
1957-05,95.941,
1957-06,96.883,
1957-07,97.188,
1957-08,98.040,
1957-09,99.438,
1957-10,100.228,
1957-11,101.501,
1957-12,102.960,
1958-01,103.646,
1958-02,104.815,
1958-03,105.609,
1958-04,105.790,
1958-05,106.712,
1958-06,108.122,
1958-07,108.605,
1958-08,109.545,
1958-09,110.892,
1958-10,112.004,
1958-11,113.665,
1958-12,115.336,
1959-01,116.381,
1959-02,117.536,
1959-03,118.262,
1959-04,119.354,
1959-05,121.034,
1959-06,122.287,
1959-07,124.028,
1959-08,125.831,
1959-09,128.476,
1959-10,130.150,
1959-11,131.418,
1959-12,135.338,
1960-01,136.515,
1960-02,137.902,
1960-03,139.533,
1960-04,140.754,
1960-05,142.174,
1960-06,143.955,
1960-07,145.032,
1960-08,145.751,
1960-09,147.963,
1960-10,149.091,
1960-11,150.438,
1960-12,167.665,
1961-01,168.833,
1961-02,171.051,
1961-03,173.286,
1961-04,174.830,
1961-05,176.543,
1961-06,179.673,
1961-07,180.825,
1961-08,182.434,
1961-09,185.470,
1961-10,186.279,
1961-11,188.462,
1961-12,191.523,
1962-01,191.559,
1962-02,193.352,
1962-03,195.672,
1962-04,196.761,
1962-05,199.164,
1962-06,202.434,
1962-07,203.713,
1962-08,205.308,
1962-09,208.229,
1962-10,209.349,
1962-11,211.805,
1962-12,215.320,
1963-01,216.208,
1963-02,218.174,
1963-03,220.263,
1963-04,221.368,
1963-05,223.507,
1963-06,227.442,
1963-07,228.139,
1963-08,230.451,
1963-09,233.006,
1963-10,234.920,
1963-11,237.747,
1963-12,241.186,
1964-01,242.648,
1964-02,244.422,
1964-03,247.065,
1964-04,249.150,
1964-05,252.049,
1964-06,255.455,
1964-07,257.054,
1964-08,258.993,
1964-09,263.147,
1964-10,265.343,
1964-11,268.182,
1964-12,272.290,
1965-01,274.317,
1965-02,276.400,
1965-03,279.543,
1965-04,281.661,
1965-05,285.539,
1965-06,289.726,
1965-07,291.625,
1965-08,293.657,
1965-09,297.274,
1965-10,299.549,
1965-11,302.150,
1965-12,306.797,
1966-01,307.971,
1966-02,310.418,
1966-03,314.040,
1966-04,316.569,
1966-05,318.434,
1966-06,322.260,
1966-07,323.086,
1966-08,324.406,
1966-09,327.928,
1966-10,329.159,
1966-11,331.694,
1966-12,334.708,
1967-01,335.699,
1967-02,338.228,
1967-03,339.717,
1967-04,342.241,
1967-05,344.159,
1967-06,346.921,
1967-07,348.344,
1967-08,352.067,
1967-09,355.119,
1967-10,355.586,
1967-11,359.698,
1967-12,366.771,
1968-01,369.178,
1968-02,372.451,
1968-03,375.368,
1968-04,377.005,
1968-05,381.091,
1968-06,386.297,
1968-07,386.966,
1968-08,391.609,
1968-09,396.483,
1968-10,400.389,
1968-11,403.531,
1968-12,408.915,
1969-01,410.617,
1969-02,416.090,
1969-03,419.382,
1969-04,422.261,
1969-05,423.492,
1969-06,429.033,
1969-07,430.477,
1969-08,435.889,
1969-09,440.093,
1969-10,444.611,
1969-11,453.169,
1969-12,461.662,
1970-01,463.806,
1970-02,467.218,
1970-03,470.364,
1970-04,473.421,
1970-05,477.868,
1970-06,484.175,
1970-07,487.269,
1970-08,490.246,
1970-09,494.369,
1970-10,496.358,
1970-11,501.998,
1970-12,513.080,
1971-01,513.638,
1971-02,517.393,
1971-03,521.511,
1971-04,524.882,
1971-05,529.139,
1971-06,537.757,
1971-07,542.237,
1971-08,548.622,
1971-09,556.794,
1971-10,563.482,
1971-11,569.994,
1971-12,583.198,
1972-01,584.531,
1972-02,589.734,
1972-03,598.459,
1972-04,605.482,
1972-05,612.501,
1972-06,622.015,
1972-07,625.086,
1972-08,629.522,
1972-09,639.875,
1972-10,645.629,
1972-11,655.426,
1972-12,672.190,
1973-01,673.374,
1973-02,683.057,
1973-03,690.907,
1973-04,694.972,
1973-05,699.289,
1973-06,708.614,
1973-07,709.716,
1973-08,714.544,
1973-09,722.541,
1973-10,725.068,
1973-11,731.780,
1973-12,745.124,
1974-01,744.495,
1974-02,748.019,
1974-03,751.995,
1974-04,753.942,
1974-05,758.098,
1974-06,769.317,
1974-07,771.558,
1974-08,776.802,
1974-09,783.746,
1974-10,785.803,
1974-11,793.653,
1974-12,804.510,
1975-01,801.102,
1975-02,802.186,
1975-03,808.163,
1975-04,809.503,
1975-05,816.718,
1975-06,825.065,
1975-07,824.258,
1975-08,834.846,
1975-09,841.902,
1975-10,853.774,
1975-11,867.768,
1975-12,883.599,
1976-01,882.999,
1976-02,888.203,
1976-03,894.881,
1976-04,900.673,
1976-05,907.488,
1976-06,920.384,
1976-07,927.746,
1976-08,937.196,
1976-09,945.733,
1976-10,952.794,
1976-11,966.396,
1976-12,980.076,
1977-01,976.069,
1977-02,981.003,
1977-03,989.610,
1977-04,997.195,
1977-05,999.478,
1977-06,1012.840,
1977-07,1018.349,
1977-08,1023.951,
1977-09,1033.402,
1977-10,1044.276,
1977-11,1058.503,
1977-12,1076.296,
1978-01,1070.402,
1978-02,1075.883,
1978-03,1083.994,
1978-04,1091.053,
1978-05,1099.629,
1978-06,1115.373,
1978-07,1122.101,
1978-08,1134.427,
1978-09,1151.921,
1978-10,1159.821,
1978-11,1177.329,
1978-12,1198.975,
1979-01,1190.645,
1979-02,1203.137,
1979-03,1217.195,
1979-04,1226.212,
1979-05,1239.915,
1979-06,1259.817,
1979-07,1266.197,
1979-08,1274.086,
1979-09,1287.297,
1979-10,1295.470,
1979-11,1314.099,
1979-12,1340.050,
1980-01,1329.986,
1980-02,1339.886,
1980-03,1349.115,
1980-04,1361.359,
1980-05,1371.660,
1980-06,1386.130,
1980-07,1390.080,
1980-08,1393.082,
1980-09,1404.835,
1980-10,1416.898,
1980-11,1437.686,
1980-12,1461.992,
1981-01,1459.097,
1981-02,1471.768,
1981-03,1482.022,
1981-04,1490.346,
1981-05,1494.860,
1981-06,1515.739,
1981-07,1520.436,
1981-08,1530.046,
1981-09,1546.473,
1981-10,1557.195,
1981-11,1567.401,
1981-12,1592.044,
1982-01,1590.872,
1982-02,1591.779,
1982-03,1600.221,
1982-04,1607.239,
1982-05,1610.505,
1982-06,1623.578,
1982-07,1631.572,
1982-08,1637.495,
1982-09,1649.829,
1982-10,1662.917,
1982-11,1668.696,
1982-12,1698.050,
1983-01,1686.999,
1983-02,1690.627,
1983-03,1697.212,
1983-04,1703.476,
1983-05,1710.296,
1983-06,1730.817,
1983-07,1734.254,
1983-08,1741.608,
1983-09,1756.773,
1983-10,1767.681,
1983-11,1778.086,
1983-12,1808.472,
1984-01,1794.097,
1984-02,1798.313,
1984-03,1806.038,
1984-04,1812.199,
1984-05,1820.148,
1984-06,1834.873,
1984-07,1840.060,
1984-08,1849.304,
1984-09,1868.895,
1984-10,1876.947,
1984-11,1890.014,
1984-12,1915.601,
1985-01,1907.706,
1985-02,1919.386,
1985-03,1930.581,
1985-04,1932.719,
1985-05,1940.454,
1985-06,1957.185,
1985-07,1956.904,
1985-08,1959.540,
1985-09,1969.846,
1985-10,1979.021,
1985-11,1993.952,
1985-12,2039.786,
1986-01,2029.507,
1986-02,2030.880,
1986-03,2038.681,
1986-04,2044.230,
1986-05,2050.122,
1986-06,2065.197,
1986-07,2071.326,
1986-08,2074.502,
1986-09,2080.542,
1986-10,2086.268,
1986-11,2097.089,
1986-12,2114.569,
1987-01,2105.312,
1987-02,2103.020,
1987-03,2106.337,
1987-04,2106.286,
1987-05,2111.746,
1987-06,2123.266,
1987-07,2132.548,
1987-08,2144.363,
1987-09,2159.524,
1987-10,2177.199,
1987-11,2183.066,
1987-12,2200.262,
1988-01,2197.299,
1988-02,2201.940,
1988-03,2213.264,
1988-04,2216.049,
1988-05,2224.351,
1988-06,2248.666,
1988-07,2255.256,
1988-08,2265.865,
1988-09,2282.381,
1988-10,2290.080,
1988-11,2304.775,
1988-12,2332.368,
1989-01,2330.958,
1989-02,2342.059,
1989-03,2349.975,
1989-04,2357.586,
1989-05,2365.573,
1989-06,2382.940,
1989-07,2386.965,
1989-08,2390.627,
1989-09,2412.025,
1989-10,2419.742,
1989-11,2439.070,
1989-12,2470.050,
1990-01,2477.203,
1990-02,2489.412,
1990-03,2504.257,
1990-04,2512.111,
1990-05,2521.549,
1990-06,2728.284,
1990-07,2735.379,
1990-08,2758.943,
1990-09,2792.043,
1990-10,2813.985,
1990-11,2830.637,
1990-12,2875.034,
1991-01,2874.430,
1991-02,2877.971,
1991-03,2909.465,
1991-04,2925.085,
1991-05,2949.421,
1991-06,2980.707,
1991-07,2999.874,
1991-08,3011.894,
1991-09,3033.659,
1991-10,3060.207,
1991-11,3095.593,
1991-12,3146.953,
1992-01,3164.146,
1992-02,3181.396,
1992-03,3201.501,
1992-04,3243.275,
1992-05,3257.515,
1992-06,3296.599,
1992-07,3314.523,
1992-08,3333.399,
1992-09,3346.372,
1992-10,3404.327,
1992-11,3446.994,
1992-12,3478.216,
1993-01,3487.677,
1993-02,3504.808,
1993-03,3534.835,
1993-04,3547.858,
1993-05,3570.762,
1993-06,3600.688,
1993-07,3636.109,
1993-08,3649.890,
1993-09,3690.832,
1993-10,3734.124,
1993-11,3762.624,
1993-12,3826.393,
1994-01,3834.702,
1994-02,3850.765,
1994-03,3889.406,
1994-04,3906.698,
1994-05,3923.872,
1994-06,3956.414,
1994-07,3983.908,
1994-08,4000.222,
1994-09,4027.981,
1994-10,4057.410,
1994-11,4095.262,
1994-12,4137.165,
1995-01,4133.028,
1995-02,4161.372,
1995-03,4176.895,
1995-04,4193.506,
1995-05,4213.725,
1995-06,4237.827,
1995-07,4257.662,
1995-08,4277.634,
1995-09,4309.249,
1995-10,4348.206,
1995-11,4393.482,
1995-12,4436.913,
1996-01,4458.490,
1996-02,4486.498,
1996-03,4519.561,
1996-04,4552.672,
1996-05,4564.485,
1996-06,4579.951,
1996-07,4591.448,
1996-08,4607.843,
1996-09,4625.947,
1996-10,4671.780,
1996-11,4722.086,
1996-12,4773.057,
1997-01,4784.404,
1997-02,4818.050,
1997-03,4855.214,
1997-04,4868.297,
1997-05,4891.789,
1997-06,4901.646,
1997-07,4930.974,
1997-08,4957.764,
1997-09,4970.609,
1997-10,5001.552,
1997-11,5041.773,
1997-12,5058.398,
1998-01,5081.607,
1998-02,5111.427,
1998-03,5160.997,
1998-04,5203.715,
1998-05,5214.292,
1998-06,5225.178,
1998-07,5236.632,
1998-08,5253.306,
1998-09,5264.780,
1998-10,5297.618,
1998-11,5348.043,
1998-12,5379.765,
1999-01,2764.995,
1999-02,2781.343,
1999-03,2798.098,
1999-04,2808.094,
1999-05,2827.456,
1999-06,2821.902,
1999-07,2826.595,
1999-08,2829.617,
1999-09,2846.797,
1999-10,2868.409,
1999-11,2890.874,
1999-12,2904.491,
2000-01,2921.995,
2000-02,2933.187,
2000-03,2969.790,
2000-04,2984.794,
2000-05,2996.675,
2000-06,2961.355,
2000-07,2963.382,
2000-08,2967.980,
2000-09,2972.037,
2000-10,2982.919,
2000-11,2997.151,
2000-12,3003.705,
2001-01,2998.418,
2001-02,3010.853,
2001-03,3033.186,
2001-04,3030.299,
2001-05,3032.713,
2001-06,3007.726,
2001-07,3008.244,
2001-08,2995.336,
2001-09,2989.866,
2001-10,2992.520,
2001-11,3009.414,
2001-12,3014.114,
2002-01,3011.215,
2002-02,3006.114,
2002-03,2996.885,
2002-04,3004.325,
2002-05,3005.740,
2002-06,2990.825,
2002-07,2995.707,
2002-08,2987.348,
2002-09,2995.512,
2002-10,2997.561,
2002-11,3003.518,
2002-12,2997.225,
2003-01,3005.114,
2003-02,3001.857,
2003-03,3005.514,
2003-04,3007.617,
2003-05,3003.585,
2003-06,2992.443,
2003-07,2996.006,
2003-08,2986.899,
2003-09,2995.667,
2003-10,2992.896,
2003-11,3012.180,
2003-12,2995.622,
2004-01,2991.969,
2004-02,2994.764,
2004-03,3015.687,
2004-04,3022.942,
2004-05,3013.585,
2004-06,3003.516,
2004-07,3007.466,
2004-08,3001.787,
2004-09,3006.058,
2004-10,3009.833,
2004-11,3014.598,
2004-12,3001.257,
2005-01,3009.867,
2005-02,3000.534,
2005-03,3003.865,
2005-04,3042.371,
2005-05,3022.140,
2005-06,2988.925,
2005-07,2997.975,
2005-08,3001.112,
2005-09,3004.651,
2005-10,3012.901,
2005-11,3004.815,
2005-12,2995.100,
2006-01,3032.237,
2006-02,3023.293,
2006-03,3030.231,
2006-04,3066.047,
2006-05,3065.402,
2006-06,3028.160,
2006-07,3024.395,
2006-08,3022.455,
2006-09,3035.194,
2006-10,3033.222,
2006-11,3037.821,
2006-12,3000.706,
2007-01,3024.504,
2007-02,3011.329,
2007-03,3016.143,
2007-04,3043.338,
2007-05,3020.954,
2007-06,2986.239,
2007-07,2993.171,
2007-08,2984.063,
2007-09,2986.246,
2007-10,2973.255,
2007-11,2971.534,
2007-12,2975.731,
2008-01,2998.457,
2008-02,2993.153,
2008-03,3009.010,
2008-04,3058.813,
2008-05,3043.744,
2008-06,3011.456,
2008-07,3018.778,
2008-08,3045.273,
2008-09,3044.750,
2008-10,3045.111,
2008-11,3044.640,
2008-12,3071.088,
2009-01,3097.259,
2009-02,3091.169,
2009-03,3101.435,
2009-04,3124.266,
2009-05,3106.497,
2009-06,3121.816,
2009-07,3116.477,
2009-08,3094.110,
2009-09,3110.322,
2009-10,3116.873,
2009-11,3117.255,
2009-12,3100.099,
2010-01,3111.481,
2010-02,3103.102,
2010-03,3098.775,
2010-04,3140.830,
2010-05,3130.089,
2010-06,3147.549,
2010-07,3139.732,
2010-08,3150.233,
2010-09,3129.650,
2010-10,3248.984,
2010-11,3290.237,
2010-12,3220.947,
2011-01,3241.206,
2011-02,3240.345,
2011-03,3211.705,
2011-04,3226.527,
2011-05,3209.384,
2011-06,3191.709,
2011-07,3193.100,
2011-08,3201.346,
2011-09,3207.580,
2011-10,3233.302,
2011-11,3237.641,
2011-12,3197.757,
2012-01,3226.632,
2012-02,3220.264,
2012-03,3222.926,
2012-04,3244.672,
2012-05,3219.093,
2012-06,3227.598,
2012-07,3257.790,
2012-08,3252.329,
2012-09,3252.990,
2012-10,3271.102,
2012-11,3265.452,
2012-12,3220.356,
2013-01,3243.074,
2013-02,3237.405,
2013-03,3234.025,
2013-04,3260.904,
2013-05,3232.127,
2013-06,3238.018,
2013-07,3230.848,
2013-08,3127.246,
2013-09,3127.466,
2013-10,3138.158,
2013-11,3139.161,
2013-12,3131.639,
2014-01,3140.702,
2014-02,3134.475,
2014-03,3136.449,
2014-04,3157.982,
2014-05,3154.302,
2014-06,3147.341,
2014-07,3155.694,
2014-08,3154.994,
2014-09,3164.962,
2014-10,3169.034,
2014-11,3178.949,
2014-12,3167.268,
2015-01,3191.539,
2015-02,3205.051,
2015-03,3212.022,
2015-04,3221.115,
2015-05,3207.869,
2015-06,3200.403,
2015-07,3228.683,
2015-08,3230.856,
2015-09,3230.803,
2015-10,3232.026,
2015-11,3248.998,
2015-12,3233.856,
2016-01,3238.670,
2016-02,3247.971,
2016-03,3247.218,
2016-04,3260.559,
2016-05,3264.835,
2016-06,3252.125,
2016-07,3264.451,
2016-08,3265.922,
2016-09,3274.157,
2016-10,3281.010,
2016-11,3293.081,
2016-12,3274.332,
2017-01,3277.677,
2017-02,3279.041,
2017-03,3283.040,
2017-04,3288.929,
2017-05,3292.857,
2017-06,3296.843,
2017-07,3302.455,
2017-08,3308.893,
2017-09,3317.572,
2017-10,3326.103,
2017-11,3343.670,
2017-12,3332.586,
2018-01,3339.305,
2018-02,3338.328,
2018-03,3342.540,
2018-04,3348.521,
2018-05,3349.980,
2018-06,3361.750,
2018-07,3367.972,
2018-08,3368.518,
2018-09,3383.982,
2018-10,3384.436,
2018-11,3397.322,
2018-12,3394.464,
2019-01,3405.269,
2019-02,3413.576,
2019-03,3424.960,
2019-04,3428.921,
2019-05,3445.589,
2019-06,3467.116,
2019-07,3476.123,
2019-08,3491.677,
2019-09,3499.795,
2019-10,3506.675,
2019-11,3523.462,
2019-12,3521.535,
2020-01,3528.389,
2020-02,3544.711,
2020-03,3579.985,
2020-04,3594.346,
2020-05,3620.918,
2020-06,3621.093,
2020-07,3625.682,
2020-08,3629.662,
2020-09,3634.245,
2020-10,3651.102,
2020-11,3661.110,
2020-12,3647.048,
2021-01,3653.977,
2021-02,3669.260,
2021-03,3699.097,
2021-04,3693.854,
2021-05,3709.613,
2021-06,3709.244,
2021-07,3725.339,
2021-08,3736.447,
2021-09,3749.771,
2021-10,3770.199,
2021-11,3794.026,
2021-12,3798.090,
2022-01,3812.764,
2022-02,3826.524,
2022-03,3853.779,
2022-04,3866.579,
2022-05,3886.701,
2022-06,3906.560,
2022-07,3945.049,
2022-08,3976.016,
2022-09,3993.630,
2022-10,4014.059,
2022-11,4025.717,
2022-12,4015.618,
2023-01,4016.234,
2023-02,4030.183,
2023-03,4030.485,
2023-04,4032.496,
2023-05,4039.020,
2023-06,4042.104,
2023-07,4048.659,
2023-08,4046.714,
2023-09,4048.141,
2023-10,4051.949,
2023-11,4057.926,
2023-12,4044.144,
2024-01,4048.254,
2024-02,4055.742,
2024-03,4061.031,
2024-04,4062.115,
2024-05,4069.505,
2024-06,4076.883,
2024-07,4083.345,
2024-08,4088.582,
2024-09,4098.599,
2024-10,4099.667,
2024-11,4109.799,
2024-12,4120.105,
2025-01,4134.719,
2025-02,4150.710,
2025-03,4154.786,
2025-04,4161.044,
2025-05,4168.202,
2025-06,4174.466,
2025-07,4193.088,
2025-08,4194.523,
2025-09,4207.382,
2025-10,4268.535,
2025-11,4296.573,
2025-12,4286.538,
2026-01,4293.037,
2026-02,4306.258,
2026-03,4309.500,
2026-04,4324.562,
2026-05,4335.881,
2026-06,4370.040,
2026-07,4376.204,Provisional value
