ID,names,Ticker,Asset Class,Portfolio Role,Portfolio Scenario,Ret Distribution,Risk Signal,Economic Phase,Capital Type,Currency,Liquidity,ESG,Region
1,"Fixed Holding,Strategische Beteiligung",MXWO0FD Index,Equity,Growth,Stagnation,"-35,-25,-15,-10,-8,-7,-5,-3,0,1,2,2,2,2,3,4,4,5,6,7,9,10,11,13,16",Europe,Saturation,Real,EUR,Decade,1,Others
2,"CH Equities,CH Aktien",MXCH Index,Equity,Growth,Expansion,"-35,-25,-15,-10,-8,-7,-5,-3,0,1,2,2,2,2,3,4,4,5,6,7,9,10,11,13,16",Europe,Saturation,Financial,CHF,Daily,1,Switzerland
3,"EU Equities,EU Aktien",MXEU Index,Equity,Growth,Expansion,"-40,-30,-22,-17,-12,-9,-7,-4,0,1,2,2,2,2,3,4,4,5,6,7,9,10,11,13,16",Europe,Saturation,Financial,EUR,Daily,1,Europe
4,"UK Equities,UK Aktien",MXGB Index,Equity,Growth,Expansion,"-40,-30,-22,-17,-12,-9,-7,-4,0,1,2,2,2,2,3,4,4,5,6,7,9,10,11,13,16",Europe,Saturation,Financial,GBP,Daily,1,Europe
5,"US Equities,US Aktien",MXUS Index,Equity,Growth,Expansion,"-40,-30,-22,-17,-12,-9,-7,-4,0,1,2,2,2,2,3,4,4,5,6,7,9,10,11,13,16",Americas,Saturation,Financial,USD,Daily,1,North America
6,"Japan Equities,Japan Aktien",MXJP Index,Equity,Growth,Expansion,"-40,-30,-22,-17,-12,-9,-7,-4,0,1,2,2,2,2,3,4,4,5,6,7,9,10,11,13,16",Asia,Saturation,Financial,JPY,Daily,1,East Asia
7,"China Equities,China Aktien",MXCN Index,Equity,Growth,Expansion,"-40,-30,-22,-17,-12,-9,-7,-4,0,1,2,2,2,2,3,4,4,5,6,7,9,10,11,13,16",Sino,Optimizing,Financial,RMB,Daily,1,East Asia
8,"AU NZ Equities,AU NZ Aktien",MXAU Index,Equity,Growth,Expansion,"-40,-30,-22,-17,-12,-9,-7,-4,0,1,2,2,2,2,3,4,4,5,6,7,9,10,11,13,16",Asia,Saturation,Financial,AUD,Daily,1,South Pacific
9,"EM Equities,EM Aktien",MXEF Index,Equity,Growth,Expansion,"-35,-26,-20,-15,-11,-8,-6,-3,0,1,1,1,2,2,2,3,4,4,5,6,7,8,10,12,14",Global,Optimizing,Financial,USD,Daily,1,Others
10,"Private Equity,Private Equity",LPX50TR Index,Equity,Growth,Stagnation,"-35,-25,-15,-10,-8,-7,-5,-3,0,1,1,2,2,3,3,4,4,5,6,7,9,10,10,15,20",Europe,Saturation,Financial,EUR,Decade,1,Europe
11,Structured Products,BHSTCR Index,Equity,Income,Stagnation,"-30,-25,-20,-15,-10,-5,0,5,8,10,10,10,10,10,10,10,10,10,10,10,10,10,10,10,10",Americas,Saturation,Financial,USD,Daily,1,North America
12,China A Shares,SHASHR Index,Equity,Growth,Expansion,"-40,-30,-22,-17,-12,-9,-7,-4,0,1,2,2,2,2,3,4,4,5,6,7,9,10,11,13,16",Sino,Optimizing,Financial,RMB,Daily,1,East Asia
13,India Equities,MXIN Index,Equity,Growth,Expansion,"-40,-30,-22,-17,-12,-9,-7,-4,0,1,2,2,2,2,3,4,4,5,6,7,9,10,11,13,16",Asia,Maturing,Financial,INR,Daily,1,South Asia
14,ASEAN Equities,MXSO Index,Equity,Growth,Expansion,"-35,-25,-15,-10,-8,-7,-5,-3,0,1,1,2,2,3,3,4,4,5,6,7,9,10,10,15,20",Asia,Maturing,Financial,USD,Daily,1,East Asia
15,Asia ex Japan TR,NDUECAXJ Index,Equity,Growth,Expansion,"-35,-25,-15,-10,-8,-7,-5,-3,0,1,1,2,2,3,3,4,4,5,6,7,9,10,10,15,20",Asia,Maturing,Financial,USD,Daily,1,East Asia
16,"Global Equities,Globale Aktien",MXWO Index,Equity,Growth,Expansion,"-40,-30,-22,-17,-12,-9,-7,-4,0,1,2,2,2,2,3,4,4,5,6,7,9,10,11,13,16",Global,Maturing,Financial,USD,Daily,1,Others
17,"Global Real Estate indirect,Globale Immobilien Indirekt",IYR US Equity,Real Estate,Stabilization,Expansion,"-15,-10,-7.5,-4,-2,-1,0,0.5,1.25,1.75,2.25,2.75,3,3,3,3,3,3,3,3.25,3.25,3.25,3.25,3.25,3.25",Global,Saturation,Financial,USD,Quarterly,1,North America
18,"CHF Corporate Loans IG,CHF Unternehmensanleihen",SPCHICCT Index,Fixed Income,Income,Expansion,"-15,-10,-5,-3,-1.5,-1,0,0.05,1,1.2,1.5,2,2,2,2,2,2,2,2,2.2,2.3,2.5,3,3,3",Europe,Saturation,Financial,CHF,Daily,1,Switzerland
19,"EUR  Corporate Loans IG,EUR Unternehmensanleihen",LECPTRCH Index,Fixed Income,Income,Expansion,"-15,-10,-7.5,-4,-2,-1,0,0.5,1.25,1.75,2.25,2.75,3,3,3,3,3,3,3,3.25,3.25,3.25,3.25,3.25,3.25",Europe,Saturation,Financial,EUR,Daily,1,Europe
20,"Global Bonds,Globale Anleihen",BGAUTRCH Index,Fixed Income,Income,Expansion,"-15,-10,-7.5,-4,-2,-1,-1,0,1,2,2,2,3,3,3,4,4,4,5,5,5,5,7,7,7",Americas,Saturation,Financial,USD,Daily,1,Others
21,"Global Governmental Bonds,Globale Staatsanleihen",SBWGU Index,Fixed Income,Income,Stagnation,"-10,-8,-7,-6,-5,-3,-1,0,1,3,5,5,5,5,5,5,5,5,5,5,5,5,5,5,5",Global,Saturation,Financial,USD,Daily,1,Others
22,"Global High Yields,Globale High Yields",LG30TRUU Index,Fixed Income,Income,Stagnation,"-10,-10,-7,-4,-2,-1,0,1,1,2,2,3,3,3,4,4,4,5,5,5,5,5,5,5,5",Global,Saturation,Financial,USD,Daily,1,Others
23,"EM Government Bonds LC,EM Staatsanleihen LC",GBIEMCOR Index,Fixed Income,Income,Stagnation,"-25,-15,-12.5,-7,-3.5,-1.5,0,1,2,3,3.8,4.5,5,5,5,5,5,5,5,5.5,5.8,6.25,6.5,7.5,8.5",Global,Optimizing,Financial,USD,Daily,1,Others
24,"Private Debt,Private Debt",SPLGAL Index,Fixed Income,Income,Expansion,"-30,-20,-15,-8,-4,-2,0,1,2.5,3.5,4.5,5.5,6,6,6,6,6,6,6,6.5,6.5,6.5,6.5,6.5,6.5",Europe,Saturation,Financial,EUR,Yearly,1,Others
25,Asian JACI Bond Index,AJAC SP Equity,Fixed Income,Income,Expansion,"-18,-13,-10,-5,-2.5,-1,0,1,2,2.5,3,3.5,4,4,4,4,4,4,4,4.5,4.5,4.5,4.5,4.5,4.5",Asia,Maturing,Financial,USD,Daily,1,East Asia
26,"Real Estate direct,Immobilien Direkt",WUPIIMM Index,Real Estate,Stabilization,Stagnation,"-10,-7,0,0,1,2,2,2,2,2,3,3,3,3,3,3,3,3,3,3,3,3,3,3,3",Europe,Saturation,Real,CHF,Yearly,1,Switzerland
27,"Bloomberg Market Neutral HF,Bloomberg Market Neutral HF",BHQEMN Index,Alternative,Stabilization,Contraction,"-10,-8,-5,-3,0,3,5,8,10,12,10,8,7,7,7,6,5,5,5,5,5,5,5,5,5",Global,Saturation,Financial,USD,Quarterly,1,Others
28,Global Macro,HEDGGLMA Index,Alternative,Stabilization,Expansion,"-20,-20,-15,-15,-10,-5,0,2,3,4,5,5,7,7,7,7,7,7,7,7,7,7,7,7,7",Global,Saturation,Financial,USD,Quarterly,1,Others
29,Asia Multi Strategy HF,EHFI38 Index,Alternative,Stabilization,Expansion,"-20,-15,-10,-7,-5,-4,-3,-1,0,1,2,3,4,5,7,9,10,11,12,11,10,9,8,7,5",Asia,Optimizing,Financial,USD,Quarterly,1,East Asia
30,Asia Pacific Arbitrage,EHFI244 Index,Alternative,Stabilization,Crisis,"-20,-15,-5,5,10,10,8,7,6,5,5,5,5,5,5,5,5,5,5,5,5,5,5,5,5",Asia,Optimizing,Financial,USD,Quarterly,1,East Asia
31,Asia Long Short Equities,EHFI252 Index,Alternative,Stabilization,Contraction,"-20,-15,-6,-3,0,2,5,8,10,10,9,7,6,5,5,5,5,5,5,5,5,5,5,5,5",Asia,Optimizing,Financial,USD,Quarterly,1,East Asia
32,"CHF Cash,CHF Liquidität",PIPCHAI LX Equity,Cash,Protection,Contraction,"1,1,1,1,1,1,1,1,1,1,1,1,1,1,2,2,2,2,2,2,2,2,2,2,2",Europe,Saturation,Financial,CHF,Daily,1,Switzerland
33,"Precious Metals,Gold",XAU BGN Curncy,Alternative,Protection,Crisis,"50,40,33,28,25,20,12,10,8,7,7,7,2,2,2,2,2,4,4,4,0,0,0,0,0",Global,Saturation,Real,CHF,Daily,1,Others
34,"Commodities,Rohstoffe",SPGCSI Index,Alternative,Stabilization,Contraction,"-10,-8,-5,-3,0,5,10,5,3,-1,-4,-5,-3,0,2,5,5,5,4,3,3,2,2,2,1",Global,Saturation,Financial,USD,Daily,1,Others
35,USD Cash,BXIIBUS0 Index,Cash,Protection,Contraction,"0,0,0,0,0,0,0,1,1,1,1,1,1,1,2,2,2,2,2,2,2,2,2,2,2",Americas,Saturation,Financial,USD,Daily,1,North America
36,US Treasury TR Index,LUATTRUU Index,Fixed Income,Income,Contraction,"-7,-4,-3,-2,-1,0,0,1,1,1,1,1,1,1,2,2,2,3,3,3,4,4,4,5,5",Americas,Saturation,Financial,USD,Daily,1,North America
37,"Long Volatility Index,Marktabsicherung",VXTH Index,Alternative,Protection,Crisis,"40,30,25,23,20,20,20,18,15,10,5,3,2,0,0,-1,-2,-3,-3,-3,-3,-3,-3,-3,-3",Global,Saturation,Financial,USD,Quarterly,1,North America
38,Bloomberg Hedge Fund,BHEDGE Index,Alternative,Stabilization,Contraction,"-10,-8,-5,-3,0,3,5,8,10,12,10,8,7,7,7,6,5,5,5,5,5,5,5,5,5",Global,Saturation,Financial,USD,Quarterly,1,Others
39,Infrastructure,SWIIT Index,Alternative,Income,Stagnation,"-20,-15,-10,-7,-5,-1,0,1,2,2,3,3,4,5,6,7,7,7,7,7,7,7,7,7,7",Europe,Saturation,Real,CHF,Yearly,1,Switzerland
40,MSCI AC World IMI,MIMUAWON Index,Equity,Growth,Expansion,"-40,-30,-22,-17,-12,-9,-7,-4,0,1,2,2,2,2,3,4,4,5,6,7,9,10,11,13,16",Global,Foundation,Financial,USD,Daily,1,Others
41,Bloomberg Multiverse (H-CHF),LF93TRCH Index,Fixed Income,Income,Stagnation,"-10,-10,-7,-4,-2,-1,0,1,1,2,2,3,3,3,4,4,4,5,5,5,5,5,5,5,5",Global,Saturation,Financial,CHF,Daily,1,Others
42,Swiss Performance Index,SPI Index,Equity,Growth,Stagnation,"-35,-25,-15,-10,-8,-7,-5,-3,0,1,1,2,2,3,3,4,4,5,6,7,9,10,10,15,20",Europe,Saturation,Financial,CHF,Daily,1,Switzerland
43,"APAC Equities,APAC Aktien",MXAP Index,Equity,Growth,Expansion,"-35,-25,-15,-10,-8,-7,-5,-3,0,1,1,2,2,3,3,4,4,5,6,7,9,10,10,15,20",Asia,Maturing,Financial,USD,Daily,1,East Asia
44,Hang Seng Index,MXHK Index,Equity,Growth,Expansion,"-35,-25,-15,-10,-8,-7,-5,-3,0,1,1,2,2,3,3,4,4,5,6,7,9,10,10,15,20",Asia,Maturing,Financial,HKD,Daily,1,East Asia
45,Fundo World Equity,MXWO Index,Equity,Growth,Expansion,"-40,-30,-22,-17,-12,-9,-7,-4,0,1,2,2,2,2,3,4,4,5,6,7,9,10,11,13,16",Global,Maturing,Financial,USD,Daily,1,Others
46,Aktien Europe aktiv,MXEU Index,Equity,Growth,Expansion,"-40,-30,-22,-17,-12,-9,-7,-4,0,1,2,2,2,2,3,4,4,5,6,7,9,10,11,13,16",Europe,Saturation,Financial,EUR,Daily,1,Europe
47,Mining Equities,MXWO Index,Equity,Growth,Expansion,"-40,-30,-22,-17,-12,-9,-7,-4,0,1,2,2,2,2,3,4,4,5,6,7,9,10,11,13,16",Global,Maturing,Financial,USD,Daily,1,Others
48,SXI Real Estate,SWIIT Index,Real Estate,Income,Stagnation,"-20,-15,-10,-7,-5,-1,0,1,2,2,3,3,4,5,6,7,7,7,7,7,7,7,7,7,7",Europe,Saturation,Real,CHF,Yearly,1,Switzerland
49,CS Long Vola,VXTH Index,Alternative,Protection,Crisis,"40,30,25,23,20,20,20,18,15,10,5,3,2,0,0,-1,-2,-3,-3,-3,-3,-3,-3,-3,-3",Global,Saturation,Financial,USD,Quarterly,1,North America
50,Swiss Dividend Equity,CHDVD SE Equity,Equity,Growth,Stagnation,"-20,-15,-10,-7,-5,-3,-1,1,2,2,3,3,4,5,6,7,7,8,8,8,9,9,9,9,10",Europe,Saturation,Financial,CHF,Daily,1,Switzerland
51,EUR Cash,PMMEURP SW Equity,Cash,Protection,Contraction,"1,1,1,1,1,1,1,1,1,1,1,1,1,1,2,2,2,2,2,2,2,2,2,2,2",Europe,Saturation,Financial,EUR,Daily,1,Europe
52,Digital Assets,XBTUSD Curncy,Alternative,Stabilization,Contraction,"-10,-5,0,5,10,20,10,5,0,0,0,0,0,0,5,10,15,15,15,15,15,15,10,5,0",Global,Maturing,Financial,USD,Daily,1,Others
53,Short MSCI US,M004US6$ Index,Alternative,Protection,Crisis,"16,13,11,10,9,7,6,5,4,4,3,2,2,2,2,1,0,-4,-7,-9,-12,-17,-22,-30,-40",Americas,Saturation,Financial,USD,Daily,1,North America
54,Trend Following,TRANDTP US Equity,Alternative,Stabilization,Crisis,"10,8,5,2,1,0,-1,-2,-4,-5,-8,-4,-1,1,3,4,5,7,7,7,7,7,7,7,7",Europe,Saturation,Financial,CHF,Daily,1,Others
